INSERT INTO key_expression(id, textbook_id, is_published, english_key_expression, korean_key_expression)
VALUES (1, 1, true, 'Go to __', '__에 가요.');

INSERT INTO key_expression_example(key_expression_id, example)
VALUES (1, '인사동에 가요.'),
       (1, '서울역에 가요.'),
       (1, '내일 공항에 가요.'),
       (1, '오늘 경복궁에 가요.'),
       (1, '친구랑 도서관에 가요.'),
       (1, '동생이랑 콘서트에 가요.'),
       (1, '자전거를 타고 한강에 가요.'),
       (1, '비행기를 타고 제주도에 가요.');

INSERT INTO key_expression_activity(id, key_expression_id, question)
VALUES (1, 1, '아래의 장소 그림을 보고 ''___에 가요.''를 활용하여 문장을 완성해보세요.'),
       (2, 1, '아래의 인물과 장소 그림을 보고 ''____(이)랑 ____에 가요.''를 활용하여 문장을 완성해보세요.'),
       (3, 1, '아래의 교통 수단과 장소 그림을 보고 ‘____(으)로 ____에 가요.’를 활용하여 문장을 완성해보세요.');

INSERT INTO key_expression_activity_example(activity_id, image_url, text)
VALUES (1,
        'https://c1110c23e19e66dd3233a28ac4cc1966.cdn.bubble.io/cdn-cgi/image/w=256,h=256,f=auto,dpr=1,fit=contain/f1750770141957x771255389590451200/image.png',
        '영화관'),
       (1,
        'https://c1110c23e19e66dd3233a28ac4cc1966.cdn.bubble.io/cdn-cgi/image/w=256,h=256,f=auto,dpr=1,fit=contain/f1750770153295x175609821567251230/image%20%281%29.png',
        '바다'),
       (1,
        'https://c1110c23e19e66dd3233a28ac4cc1966.cdn.bubble.io/cdn-cgi/image/w=256,h=256,f=auto,dpr=1,fit=contain/f1750772754509x194152017770669920/image%20%282%29.png',
        '백화점'),
       (1,
        'https://c1110c23e19e66dd3233a28ac4cc1966.cdn.bubble.io/cdn-cgi/image/w=256,h=256,f=auto,dpr=1,fit=contain/f1750772777339x386361199848636500/image%20%283%29.png',
        '노래방'),
       (2,
        'https://c1110c23e19e66dd3233a28ac4cc1966.cdn.bubble.io/cdn-cgi/image/w=256,h=256,f=auto,dpr=1,fit=contain/f1750772906455x270783229762502800/image%20%284%29.png',
        '엄마'),
       (2,
        'https://c1110c23e19e66dd3233a28ac4cc1966.cdn.bubble.io/cdn-cgi/image/w=256,h=256,f=auto,dpr=1,fit=contain/f1750772919204x868015051432693900/image%20%285%29.png',
        '병원'),
       (2,
        'https://c1110c23e19e66dd3233a28ac4cc1966.cdn.bubble.io/cdn-cgi/image/w=256,h=256,f=auto,dpr=1,fit=contain/f1750772930032x254434394648423550/image%20%286%29.png',
        '친구'),
       (2,
        'https://c1110c23e19e66dd3233a28ac4cc1966.cdn.bubble.io/cdn-cgi/image/w=256,h=256,f=auto,dpr=1,fit=contain/f1750772940183x610484882969867000/image%20%287%29.png',
        '놀이공원'),
       (2,
        'https://c1110c23e19e66dd3233a28ac4cc1966.cdn.bubble.io/cdn-cgi/image/w=256,h=256,f=auto,dpr=1,fit=contain/f1750772952764x974518529165250000/image%20%288%29.png',
        '동생'),
       (2,
        'https://c1110c23e19e66dd3233a28ac4cc1966.cdn.bubble.io/cdn-cgi/image/w=256,h=256,f=auto,dpr=1,fit=contain/f1750772964289x733131346490121500/image%20%289%29.png',
        '식당'),
       (2,
        'https://c1110c23e19e66dd3233a28ac4cc1966.cdn.bubble.io/cdn-cgi/image/w=256,h=256,f=auto,dpr=1,fit=contain/f1750772974366x235282877447846600/image%20%2810%29.png',
        '할머니'),
       (2,
        'https://c1110c23e19e66dd3233a28ac4cc1966.cdn.bubble.io/cdn-cgi/image/w=256,h=256,f=auto,dpr=1,fit=contain/f1750773200055x133459221453750000/image%20%2811%29.png',
        '시장'),
       (3,
        'https://c1110c23e19e66dd3233a28ac4cc1966.cdn.bubble.io/cdn-cgi/image/w=256,h=256,f=auto,dpr=1,fit=contain/f1750773507256x742570854766222400/image.png',
        '버스'),
       (3,
        'https://c1110c23e19e66dd3233a28ac4cc1966.cdn.bubble.io/cdn-cgi/image/w=256,h=256,f=auto,dpr=1,fit=contain/f1750773529112x279838030936058850/image%20%281%29.png',
        '공항'),
       (3,
        'https://c1110c23e19e66dd3233a28ac4cc1966.cdn.bubble.io/cdn-cgi/image/w=256,h=256,f=auto,dpr=1,fit=contain/f1750773538977x277574791049948400/image%20%282%29.png',
        '지하철'),
       (3,
        'https://c1110c23e19e66dd3233a28ac4cc1966.cdn.bubble.io/cdn-cgi/image/w=256,h=256,f=auto,dpr=1,fit=contain/f1750773554506x322154831489005700/image%20%283%29.png',
        '학교'),
       (3,
        'https://c1110c23e19e66dd3233a28ac4cc1966.cdn.bubble.io/cdn-cgi/image/w=256,h=256,f=auto,dpr=1,fit=contain/f1750773566243x605572540404501400/image%20%284%29.png',
        '자전거'),
       (3,
        'https://c1110c23e19e66dd3233a28ac4cc1966.cdn.bubble.io/cdn-cgi/image/w=256,h=256,f=auto,dpr=1,fit=contain/f1750773575031x525721220755705800/image%20%285%29.png',
        '공원'),
       (3,
        'https://c1110c23e19e66dd3233a28ac4cc1966.cdn.bubble.io/cdn-cgi/image/w=256,h=256,f=auto,dpr=1,fit=contain/f1750773586239x517171296563888830/image%20%286%29.png',
        '택시'),
       (3,
        'https://c1110c23e19e66dd3233a28ac4cc1966.cdn.bubble.io/cdn-cgi/image/w=256,h=256,f=auto,dpr=1,fit=contain/f1750773594458x886900148266098600/image%20%287%29.png',
        '집');

